TDSFU Daily run: Sat Oct 25 12:36:20 UTC 2025 TDSFU
TDSFU Daily run: Sun Oct 26 04:33:43 UTC 2025 TDSFU
TDSFU Daily run: Mon Oct 27 04:42:21 UTC 2025 TDSFU
TDSFU Daily run: Tue Oct 28 04:35:25 UTC 2025 TDSFU
TDSFU Daily run: Wed Oct 29 04:40:57 UTC 2025 TDSFU
TDSFU Daily run: Thu Oct 30 04:34:44 UTC 2025 TDSFU
TDSFU Daily run: Fri Oct 31 04:37:14 UTC 2025 TDSFU
TDSFU Daily run: Sat Nov  1 04:33:02 UTC 2025 TDSFU
TDSFU Daily run: Sun Nov  2 04:34:51 UTC 2025 TDSFU
TDSFU Daily run: Mon Nov  3 04:41:46 UTC 2025 TDSFU
TDSFU Daily run: Tue Nov  4 04:35:21 UTC 2025 TDSFU
